ParshaName;Day;ParshaHebrew;AliyahRange;QuoteHebrew;QuoteEnglish
Bereshit;1;בְּרֵאשִׁית;Genesis 1:1-2:3;וַיֹּ֥אמֶר אֱלֹהִ֖ים יְהִ֣י א֑וֹר וַֽיְהִי־אֽוֹר;God said: Let there be light! And there was light.
Bereshit;2;בְּרֵאשִׁית;Genesis 1:1-2:3;וַיֹּ֥אמֶר אֱלֹהִ֖ים יְהִ֣י א֑וֹר וַֽיְהִי־אֽוֹר;God said: Let there be light! And there was light.
Bereshit;3;בְּרֵאשִׁית;Genesis 1:1-2:3;וַיֹּ֥אמֶר אֱלֹהִ֖ים יְהִ֣י א֑וֹר וַֽיְהִי־אֽוֹר;God said: Let there be light! And there was light.
Bereshit;4;בְּרֵאשִׁית;Genesis 1:1-2:3;וַיֹּ֥אמֶר אֱלֹהִ֖ים יְהִ֣י א֑וֹר וַֽיְהִי־אֽוֹר;God said: Let there be light! And there was light.
Bereshit;5;בְּרֵאשִׁית;Genesis 1:1-2:3;וַיֹּ֥אמֶר אֱלֹהִ֖ים יְהִ֣י א֑וֹר וַֽיְהִי־אֽוֹר;God said: Let there be light! And there was light.
Bereshit;6;בְּרֵאשִׁית;Genesis 1:1-2:3;וַיֹּ֥אמֶר אֱלֹהִ֖ים יְהִ֣י א֑וֹר וַֽיְהִי־אֽוֹר;God said: Let there be light! And there was light.
Bereshit;7;בְּרֵאשִׁית;Genesis 1:1-2:3;וַיֹּ֥אמֶר אֱלֹהִ֖ים יְהִ֣י א֑וֹר וַֽיְהִי־אֽוֹר;God said: Let there be light! And there was light.
Noach;1;נֹחַ;Genesis 6:9-6:22;פְּר֥וּ וּרְב֖וּ וּמִלְא֥וּ אֶת־הָאָֽרֶץ;Bear fruit and be many and fill the earth!
Noach;2;נֹחַ;Genesis 6:9-6:22;פְּר֥וּ וּרְב֖וּ וּמִלְא֥וּ אֶת־הָאָֽרֶץ;Bear fruit and be many and fill the earth!
Noach;3;נֹחַ;Genesis 6:9-6:22;פְּר֥וּ וּרְב֖וּ וּמִלְא֥וּ אֶת־הָאָֽרֶץ;Bear fruit and be many and fill the earth!
Noach;4;נֹחַ;Genesis 6:9-6:22;פְּר֥וּ וּרְב֖וּ וּמִלְא֥וּ אֶת־הָאָֽרֶץ;Bear fruit and be many and fill the earth!
Noach;5;נֹחַ;Genesis 6:9-6:22;פְּר֥וּ וּרְב֖וּ וּמִלְא֥וּ אֶת־הָאָֽרֶץ;Bear fruit and be many and fill the earth!
Noach;6;נֹחַ;Genesis 6:9-6:22;פְּר֥וּ וּרְב֖וּ וּמִלְא֥וּ אֶת־הָאָֽרֶץ;Bear fruit and be many and fill the earth!
Noach;7;נֹחַ;Genesis 6:9-6:22;פְּר֥וּ וּרְב֖וּ וּמִלְא֥וּ אֶת־הָאָֽרֶץ;Bear fruit and be many and fill the earth!
Lech-Lecha;1;לֶךְ־לְךָ;Genesis 12:1-12:13;אַל־תִּירָ֣א אַבְרָ֗ם אָנֹכִי֙ מָגֵ֣ן לָ֔ךְ;Be not afraid, Avram, I am a delivering-shield to you.
Lech-Lecha;2;לֶךְ־לְךָ;Genesis 12:1-12:13;אַל־תִּירָ֣א אַבְרָ֗ם אָנֹכִי֙ מָגֵ֣ן לָ֔ךְ;Be not afraid, Avram, I am a delivering-shield to you.
Lech-Lecha;3;לֶךְ־לְךָ;Genesis 12:1-12:13;אַל־תִּירָ֣א אַבְרָ֗ם אָנֹכִי֙ מָגֵ֣ן לָ֔ךְ;Be not afraid, Avram, I am a delivering-shield to you.
Lech-Lecha;4;לֶךְ־לְךָ;Genesis 12:1-12:13;אַל־תִּירָ֣א אַבְרָ֗ם אָנֹכִי֙ מָגֵ֣ן לָ֔ךְ;Be not afraid, Avram, I am a delivering-shield to you.
Lech-Lecha;5;לֶךְ־לְךָ;Genesis 12:1-12:13;אַל־תִּירָ֣א אַבְרָ֗ם אָנֹכִי֙ מָגֵ֣ן לָ֔ךְ;Be not afraid, Avram, I am a delivering-shield to you.
Lech-Lecha;6;לֶךְ־לְךָ;Genesis 12:1-12:13;אַל־תִּירָ֣א אַבְרָ֗ם אָנֹכִי֙ מָגֵ֣ן לָ֔ךְ;Be not afraid, Avram, I am a delivering-shield to you.
Lech-Lecha;7;לֶךְ־לְךָ;Genesis 12:1-12:13;אַל־תִּירָ֣א אַבְרָ֗ם אָנֹכִי֙ מָגֵ֣ן לָ֔ךְ;Be not afraid, Avram, I am a delivering-shield to you.
Vayera;1;וַיֵּרָא;Genesis 18:1-18:14;הֲיִפָּלֵ֥א מֵיְהֹוָ֖ה דָּבָ֑ר;Is anything too wondrous for YHWH?
Vayera;2;וַיֵּרָא;Genesis 18:1-18:14;הֲיִפָּלֵ֥א מֵיְהֹוָ֖ה דָּבָ֑ר;Is anything too wondrous for YHWH?
Vayera;3;וַיֵּרָא;Genesis 18:1-18:14;הֲיִפָּלֵ֥א מֵיְהֹוָ֖ה דָּבָ֑ר;Is anything too wondrous for YHWH?
Vayera;4;וַיֵּרָא;Genesis 18:1-18:14;הֲיִפָּלֵ֥א מֵיְהֹוָ֖ה דָּבָ֑ר;Is anything too wondrous for YHWH?
Vayera;5;וַיֵּרָא;Genesis 18:1-18:14;הֲיִפָּלֵ֥א מֵיְהֹוָ֖ה דָּבָ֑ר;Is anything too wondrous for YHWH?
Vayera;6;וַיֵּרָא;Genesis 18:1-18:14;הֲיִפָּלֵ֥א מֵיְהֹוָ֖ה דָּבָ֑ר;Is anything too wondrous for YHWH?
Vayera;7;וַיֵּרָא;Genesis 18:1-18:14;הֲיִפָּלֵ֥א מֵיְהֹוָ֖ה דָּבָ֑ר;Is anything too wondrous for YHWH?
Chayei Sara;1;חַיֵּי שָׂרָה;Genesis 23:1-23:16;יְהֹוָ֗ה... הַקְרֵה־נָ֥א לְפָנַ֖י הַיּ֑וֹם;O YHWH... pray let it happen today for me!
Chayei Sara;2;חַיֵּי שָׂרָה;Genesis 23:1-23:16;יְהֹוָ֗ה... הַקְרֵה־נָ֥א לְפָנַ֖י הַיּ֑וֹם;O YHWH... pray let it happen today for me!
Chayei Sara;3;חַיֵּי שָׂרָה;Genesis 23:1-23:16;יְהֹוָ֗ה... הַקְרֵה־נָ֥א לְפָנַ֖י הַיּ֑וֹם;O YHWH... pray let it happen today for me!
Chayei Sara;4;חַיֵּי שָׂרָה;Genesis 23:1-23:16;יְהֹוָ֗ה... הַקְרֵה־נָ֥א לְפָנַ֖י הַיּ֑וֹם;O YHWH... pray let it happen today for me!
Chayei Sara;5;חַיֵּי שָׂרָה;Genesis 23:1-23:16;יְהֹוָ֗ה... הַקְרֵה־נָ֥א לְפָנַ֖י הַיּ֑וֹם;O YHWH... pray let it happen today for me!
Chayei Sara;6;חַיֵּי שָׂרָה;Genesis 23:1-23:16;יְהֹוָ֗ה... הַקְרֵה־נָ֥א לְפָנַ֖י הַיּ֑וֹם;O YHWH... pray let it happen today for me!
Chayei Sara;7;חַיֵּי שָׂרָה;Genesis 23:1-23:16;יְהֹוָ֗ה... הַקְרֵה־נָ֥א לְפָנַ֖י הַיּ֑וֹם;O YHWH... pray let it happen today for me!
Toldot;1;תּוֹלְדֹת;Genesis 25:19-26:5;אַל־תִּירָא֙ כִּֽי־אִתְּךָ֣ אָנֹ֔כִי;Do not be afraid, for I am with you
Toldot;2;תּוֹלְדֹת;Genesis 25:19-26:5;אַל־תִּירָא֙ כִּֽי־אִתְּךָ֣ אָנֹ֔כִי;Do not be afraid, for I am with you
Toldot;3;תּוֹלְדֹת;Genesis 25:19-26:5;אַל־תִּירָא֙ כִּֽי־אִתְּךָ֣ אָנֹ֔כִי;Do not be afraid, for I am with you
Toldot;4;תּוֹלְדֹת;Genesis 25:19-26:5;אַל־תִּירָא֙ כִּֽי־אִתְּךָ֣ אָנֹ֔כִי;Do not be afraid, for I am with you
Toldot;5;תּוֹלְדֹת;Genesis 25:19-26:5;אַל־תִּירָא֙ כִּֽי־אִתְּךָ֣ אָנֹ֔כִי;Do not be afraid, for I am with you
Toldot;6;תּוֹלְדֹת;Genesis 25:19-26:5;אַל־תִּירָא֙ כִּֽי־אִתְּךָ֣ אָנֹ֔כִי;Do not be afraid, for I am with you
Toldot;7;תּוֹלְדֹת;Genesis 25:19-26:5;אַל־תִּירָא֙ כִּֽי־אִתְּךָ֣ אָנֹ֔כִי;Do not be afraid, for I am with you
Vayetzei;1;וַיֵּצֵא;Genesis 28:10-28:22;וְהִנֵּ֨ה אָנֹכִ֜י עִמָּ֗ךְ וּשְׁמַרְתִּ֙יךָ֙ בְּכֹ֣ל אֲשֶׁר־תֵּלֵ֔ךְ;"Here, I am with you; I will watch over you wherever you go"
Vayetzei;2;וַיֵּצֵא;Genesis 28:10-28:22;וְהִנֵּ֨ה אָנֹכִ֜י עִמָּ֗ךְ וּשְׁמַרְתִּ֙יךָ֙ בְּכֹ֣ל אֲשֶׁר־תֵּלֵ֔ךְ;"Here, I am with you; I will watch over you wherever you go"
Vayetzei;3;וַיֵּצֵא;Genesis 28:10-28:22;וְהִנֵּ֨ה אָנֹכִ֜י עִמָּ֗ךְ וּשְׁמַרְתִּ֙יךָ֙ בְּכֹ֣ל אֲשֶׁר־תֵּלֵ֔ךְ;"Here, I am with you; I will watch over you wherever you go"
Vayetzei;4;וַיֵּצֵא;Genesis 28:10-28:22;וְהִנֵּ֨ה אָנֹכִ֜י עִמָּ֗ךְ וּשְׁמַרְתִּ֙יךָ֙ בְּכֹ֣ל אֲשֶׁר־תֵּלֵ֔ךְ;"Here, I am with you; I will watch over you wherever you go"
Vayetzei;5;וַיֵּצֵא;Genesis 28:10-28:22;וְהִנֵּ֨ה אָנֹכִ֜י עִמָּ֗ךְ וּשְׁמַרְתִּ֙יךָ֙ בְּכֹ֣ל אֲשֶׁר־תֵּלֵ֔ךְ;"Here, I am with you; I will watch over you wherever you go"
Vayetzei;6;וַיֵּצֵא;Genesis 28:10-28:22;וְהִנֵּ֨ה אָנֹכִ֜י עִמָּ֗ךְ וּשְׁמַרְתִּ֙יךָ֙ בְּכֹ֣ל אֲשֶׁר־תֵּלֵ֔ךְ;"Here, I am with you; I will watch over you wherever you go"
Vayetzei;7;וַיֵּצֵא;Genesis 28:10-28:22;וְהִנֵּ֨ה אָנֹכִ֜י עִמָּ֗ךְ וּשְׁמַרְתִּ֙יךָ֙ בְּכֹ֣ל אֲשֶׁר־תֵּלֵ֔ךְ;"Here, I am with you; I will watch over you wherever you go"
Vayishlach;1;וַיִּשְׁלַח;Genesis 32:4-32:13;לֹ֣א אֲשַֽׁלֵּחֲךָ֔ כִּ֖י אִם־בֵּרַכְתָּֽנִי;I will not let you go unless you bless me.
Vayishlach;2;וַיִּשְׁלַח;Genesis 32:4-32:13;לֹ֣א אֲשַֽׁלֵּחֲךָ֔ כִּ֖י אִם־בֵּרַכְתָּֽנִי;I will not let you go unless you bless me.
Vayishlach;3;וַיִּשְׁלַח;Genesis 32:4-32:13;לֹ֣א אֲשַֽׁלֵּחֲךָ֔ כִּ֖י אִם־בֵּרַכְתָּֽנִי;I will not let you go unless you bless me.
Vayishlach;4;וַיִּשְׁלַח;Genesis 32:4-32:13;לֹ֣א אֲשַֽׁלֵּחֲךָ֔ כִּ֖י אִם־בֵּרַכְתָּֽנִי;I will not let you go unless you bless me.
Vayishlach;5;וַיִּשְׁלַח;Genesis 32:4-32:13;לֹ֣א אֲשַֽׁלֵּחֲךָ֔ כִּ֖י אִם־בֵּרַכְתָּֽנִי;I will not let you go unless you bless me.
Vayishlach;6;וַיִּשְׁלַח;Genesis 32:4-32:13;לֹ֣א אֲשַֽׁלֵּחֲךָ֔ כִּ֖י אִם־בֵּרַכְתָּֽנִי;I will not let you go unless you bless me.
Vayishlach;7;וַיִּשְׁלַח;Genesis 32:4-32:13;לֹ֣א אֲשַֽׁלֵּחֲךָ֔ כִּ֖י אִם־בֵּרַכְתָּֽנִי;I will not let you go unless you bless me.
Vayeshev;1;וַיֵּשֶׁב;Genesis 37:1-37:11;בַּאֲשֶׁ֥ר יְהֹוָ֖ה אִתּ֑וֹ... אֲשֶׁר־ה֥וּא עֹשֶׂ֖ה יְהֹוָ֥ה מַצְלִֽיחַ;Since YHWH was with him... whatever he did, YHWH made succeed.
Vayeshev;2;וַיֵּשֶׁב;Genesis 37:1-37:11;בַּאֲשֶׁ֥ר יְהֹוָ֖ה אִתּ֑וֹ... אֲשֶׁר־ה֥וּא עֹשֶׂ֖ה יְהֹוָ֥ה מַצְלִֽיחַ;Since YHWH was with him... whatever he did, YHWH made succeed.
Vayeshev;3;וַיֵּשֶׁב;Genesis 37:1-37:11;בַּאֲשֶׁ֥ר יְהֹוָ֖ה אִתּ֑וֹ... אֲשֶׁר־ה֥וּא עֹשֶׂ֖ה יְהֹוָ֥ה מַצְלִֽיחַ;Since YHWH was with him... whatever he did, YHWH made succeed.
Vayeshev;4;וַיֵּשֶׁב;Genesis 37:1-37:11;בַּאֲשֶׁ֥ר יְהֹוָ֖ה אִתּ֑וֹ... אֲשֶׁר־ה֥וּא עֹשֶׂ֖ה יְהֹוָ֥ה מַצְלִֽיחַ;Since YHWH was with him... whatever he did, YHWH made succeed.
Vayeshev;5;וַיֵּשֶׁב;Genesis 37:1-37:11;בַּאֲשֶׁ֥ר יְהֹוָ֖ה אִתּ֑וֹ... אֲשֶׁר־ה֥וּא עֹשֶׂ֖ה יְהֹוָ֥ה מַצְלִֽיחַ;Since YHWH was with him... whatever he did, YHWH made succeed.
Vayeshev;6;וַיֵּשֶׁב;Genesis 37:1-37:11;בַּאֲשֶׁ֥ר יְהֹוָ֖ה אִתּ֑וֹ... אֲשֶׁר־ה֥וּא עֹשֶׂ֖ה יְהֹוָ֥ה מַצְלִֽיחַ;Since YHWH was with him... whatever he did, YHWH made succeed.
Vayeshev;7;וַיֵּשֶׁב;Genesis 37:1-37:11;בַּאֲשֶׁ֥ר יְהֹוָ֖ה אִתּ֑וֹ... אֲשֶׁר־ה֥וּא עֹשֶׂ֖ה יְהֹוָ֥ה מַצְלִֽיחַ;Since YHWH was with him... whatever he did, YHWH made succeed.
Miketz;1;מִקֵּץ;Genesis 41:1-41:14;שָׁל֨וֹם לָכֶ֜ם אַל־תִּירָ֗אוּ;"All is whole within you; do not be afraid!"
Miketz;2;מִקֵּץ;Genesis 41:1-41:14;שָׁל֨וֹם לָכֶ֜ם אַל־תִּירָ֗אוּ;"All is whole within you; do not be afraid!"
Miketz;3;מִקֵּץ;Genesis 41:1-41:14;שָׁל֨וֹם לָכֶ֜ם אַל־תִּירָ֗אוּ;"All is whole within you; do not be afraid!"
Miketz;4;מִקֵּץ;Genesis 41:1-41:14;שָׁל֨וֹם לָכֶ֜ם אַל־תִּירָ֗אוּ;"All is whole within you; do not be afraid!"
Miketz;5;מִקֵּץ;Genesis 41:1-41:14;שָׁל֨וֹם לָכֶ֜ם אַל־תִּירָ֗אוּ;"All is whole within you; do not be afraid!"
Miketz;6;מִקֵּץ;Genesis 41:1-41:14;שָׁל֨וֹם לָכֶ֜ם אַל־תִּירָ֗אוּ;"All is whole within you; do not be afraid!"
Miketz;7;מִקֵּץ;Genesis 41:1-41:14;שָׁל֨וֹם לָכֶ֜ם אַל־תִּירָ֗אוּ;"All is whole within you; do not be afraid!"
Vayigash;1;וַיִּגַּשׁ;Genesis 44:18-44:30;אַֽל־תִּרְגְּז֖וּ בַּדָּֽרֶךְ;Do not be agitated on the journey!
Vayigash;2;וַיִּגַּשׁ;Genesis 44:18-44:30;אַֽל־תִּרְגְּז֖וּ בַּדָּֽרֶךְ;Do not be agitated on the journey!
Vayigash;3;וַיִּגַּשׁ;Genesis 44:18-44:30;אַֽל־תִּרְגְּז֖וּ בַּדָּֽרֶךְ;Do not be agitated on the journey!
Vayigash;4;וַיִּגַּשׁ;Genesis 44:18-44:30;אַֽל־תִּרְגְּז֖וּ בַּדָּֽרֶךְ;Do not be agitated on the journey!
Vayigash;5;וַיִּגַּשׁ;Genesis 44:18-44:30;אַֽל־תִּרְגְּז֖וּ בַּדָּֽרֶךְ;Do not be agitated on the journey!
Vayigash;6;וַיִּגַּשׁ;Genesis 44:18-44:30;אַֽל־תִּרְגְּז֖וּ בַּדָּֽרֶךְ;Do not be agitated on the journey!
Vayigash;7;וַיִּגַּשׁ;Genesis 44:18-44:30;אַֽל־תִּרְגְּז֖וּ בַּדָּֽרֶךְ;Do not be agitated on the journey!
Vayechi;1;וַיְחִי;Genesis 47:28-48:9;וְאַתֶּ֕ם חֲשַׁבְתֶּ֥ם עָלַ֖י רָעָ֑ה אֱלֹהִים֙ חֲשָׁבָ֣הּ לְטֹבָ֔ה;Now you, you planned ill against me, [but] God planned-it-over for good...
Vayechi;2;וַיְחִי;Genesis 47:28-48:9;וְאַתֶּ֕ם חֲשַׁבְתֶּ֥ם עָלַ֖י רָעָ֑ה אֱלֹהִים֙ חֲשָׁבָ֣הּ לְטֹבָ֔ה;Now you, you planned ill against me, [but] God planned-it-over for good...
Vayechi;3;וַיְחִי;Genesis 47:28-48:9;וְאַתֶּ֕ם חֲשַׁבְתֶּ֥ם עָלַ֖י רָעָ֑ה אֱלֹהִים֙ חֲשָׁבָ֣הּ לְטֹבָ֔ה;Now you, you planned ill against me, [but] God planned-it-over for good...
Vayechi;4;וַיְחִי;Genesis 47:28-48:9;וְאַתֶּ֕ם חֲשַׁבְתֶּ֥ם עָלַ֖י רָעָ֑ה אֱלֹהִים֙ חֲשָׁבָ֣הּ לְטֹבָ֔ה;Now you, you planned ill against me, [but] God planned-it-over for good...
Vayechi;5;וַיְחִי;Genesis 47:28-48:9;וְאַתֶּ֕ם חֲשַׁבְתֶּ֥ם עָלַ֖י רָעָ֑ה אֱלֹהִים֙ חֲשָׁבָ֣הּ לְטֹבָ֔ה;Now you, you planned ill against me, [but] God planned-it-over for good...
Vayechi;6;וַיְחִי;Genesis 47:28-48:9;וְאַתֶּ֕ם חֲשַׁבְתֶּ֥ם עָלַ֖י רָעָ֑ה אֱלֹהִים֙ חֲשָׁבָ֣הּ לְטֹבָ֔ה;Now you, you planned ill against me, [but] God planned-it-over for good...
Vayechi;7;וַיְחִי;Genesis 47:28-48:9;וְאַתֶּ֕ם חֲשַׁבְתֶּ֥ם עָלַ֖י רָעָ֑ה אֱלֹהִים֙ חֲשָׁבָ֣הּ לְטֹבָ֔ה;Now you, you planned ill against me, [but] God planned-it-over for good...
Shemot;1;שְׁמוֹת;Exodus 1:1-1:17;;
Shemot;2;שְׁמוֹת;Exodus 1:1-1:17;;
Shemot;3;שְׁמוֹת;Exodus 1:1-1:17;;
Shemot;4;שְׁמוֹת;Exodus 1:1-1:17;;
Shemot;5;שְׁמוֹת;Exodus 1:1-1:17;;
Shemot;6;שְׁמוֹת;Exodus 1:1-1:17;;
Shemot;7;שְׁמוֹת;Exodus 1:1-1:17;;
Vaera;1;וָאֵרָא;Exodus 6:2-6:13;;
Vaera;2;וָאֵרָא;Exodus 6:2-6:13;;
Vaera;3;וָאֵרָא;Exodus 6:2-6:13;;
Vaera;4;וָאֵרָא;Exodus 6:2-6:13;;
Vaera;5;וָאֵרָא;Exodus 6:2-6:13;;
Vaera;6;וָאֵרָא;Exodus 6:2-6:13;;
Vaera;7;וָאֵרָא;Exodus 6:2-6:13;;
Bo;1;בֹּא;Exodus 10:1-10:11;;
Bo;2;בֹּא;Exodus 10:1-10:11;;
Bo;3;בֹּא;Exodus 10:1-10:11;;
Bo;4;בֹּא;Exodus 10:1-10:11;;
Bo;5;בֹּא;Exodus 10:1-10:11;;
Bo;6;בֹּא;Exodus 10:1-10:11;;
Bo;7;בֹּא;Exodus 10:1-10:11;;
Beshalach;1;בְּשַׁלַּח;Exodus 13:17-14:8;;
Beshalach;2;בְּשַׁלַּח;Exodus 13:17-14:8;;
Beshalach;3;בְּשַׁלַּח;Exodus 13:17-14:8;;
Beshalach;4;בְּשַׁלַּח;Exodus 13:17-14:8;;
Beshalach;5;בְּשַׁלַּח;Exodus 13:17-14:8;;
Beshalach;6;בְּשַׁלַּח;Exodus 13:17-14:8;;
Beshalach;7;בְּשַׁלַּח;Exodus 13:17-14:8;;
Yitro;1;יִתְרוֹ;Exodus 18:1-18:12;;
Yitro;2;יִתְרוֹ;Exodus 18:1-18:12;;
Yitro;3;יִתְרוֹ;Exodus 18:1-18:12;;
Yitro;4;יִתְרוֹ;Exodus 18:1-18:12;;
Yitro;5;יִתְרוֹ;Exodus 18:1-18:12;;
Yitro;6;יִתְרוֹ;Exodus 18:1-18:12;;
Yitro;7;יִתְרוֹ;Exodus 18:1-18:12;;
Mishpatim;1;מִּשְׁפָּטִים;Exodus 21:1-21:19;;
Mishpatim;2;מִּשְׁפָּטִים;Exodus 21:1-21:19;;
Mishpatim;3;מִּשְׁפָּטִים;Exodus 21:1-21:19;;
Mishpatim;4;מִּשְׁפָּטִים;Exodus 21:1-21:19;;
Mishpatim;5;מִּשְׁפָּטִים;Exodus 21:1-21:19;;
Mishpatim;6;מִּשְׁפָּטִים;Exodus 21:1-21:19;;
Mishpatim;7;מִּשְׁפָּטִים;Exodus 21:1-21:19;;
Terumah;1;תְּרוּמָה;Exodus 25:1-25:16;;
Terumah;2;תְּרוּמָה;Exodus 25:1-25:16;;
Terumah;3;תְּרוּמָה;Exodus 25:1-25:16;;
Terumah;4;תְּרוּמָה;Exodus 25:1-25:16;;
Terumah;5;תְּרוּמָה;Exodus 25:1-25:16;;
Terumah;6;תְּרוּמָה;Exodus 25:1-25:16;;
Terumah;7;תְּרוּמָה;Exodus 25:1-25:16;;
Tetzaveh;1;תְּצַוֶּה;Exodus 27:20-28:12;;
Tetzaveh;2;תְּצַוֶּה;Exodus 27:20-28:12;;
Tetzaveh;3;תְּצַוֶּה;Exodus 27:20-28:12;;
Tetzaveh;4;תְּצַוֶּה;Exodus 27:20-28:12;;
Tetzaveh;5;תְּצַוֶּה;Exodus 27:20-28:12;;
Tetzaveh;6;תְּצַוֶּה;Exodus 27:20-28:12;;
Tetzaveh;7;תְּצַוֶּה;Exodus 27:20-28:12;;
Ki Tisa;1;כִּי תִשָּׂא;Exodus 30:17-30:38;;
Ki Tisa;2;כִּי תִשָּׂא;Exodus 30:17-30:38;;
Ki Tisa;3;כִּי תִשָּׂא;Exodus 30:17-30:38;;
Ki Tisa;4;כִּי תִשָּׂא;Exodus 30:17-30:38;;
Ki Tisa;5;כִּי תִשָּׂא;Exodus 30:17-30:38;;
Ki Tisa;6;כִּי תִשָּׂא;Exodus 30:17-30:38;;
Ki Tisa;7;כִּי תִשָּׂא;Exodus 30:17-30:38;;
Vayakhel-Pekudei;1;וַיַּקְהֵל־פְקוּדֵי;Exodus 35:1-40:38;;
Vayakhel-Pekudei;2;וַיַּקְהֵל־פְקוּדֵי;Exodus 35:1-40:38;;
Vayakhel-Pekudei;3;וַיַּקְהֵל־פְקוּדֵי;Exodus 35:1-40:38;;
Vayakhel-Pekudei;4;וַיַּקְהֵל־פְקוּדֵי;Exodus 35:1-40:38;;
Vayakhel-Pekudei;5;וַיַּקְהֵל־פְקוּדֵי;Exodus 35:1-40:38;;
Vayakhel-Pekudei;6;וַיַּקְהֵל־פְקוּדֵי;Exodus 35:1-40:38;;
Vayakhel-Pekudei;7;וַיַּקְהֵל־פְקוּדֵי;Exodus 35:1-40:38;;
Vayakhel;1;וַיַּקְהֵל;TODO-VERIFY Exodus 35:1-40:38;;
Vayakhel;2;וַיַּקְהֵל;TODO-VERIFY Exodus 35:1-40:38;;
Vayakhel;3;וַיַּקְהֵל;TODO-VERIFY Exodus 35:1-40:38;;
Vayakhel;4;וַיַּקְהֵל;TODO-VERIFY Exodus 35:1-40:38;;
Vayakhel;5;וַיַּקְהֵל;TODO-VERIFY Exodus 35:1-40:38;;
Vayakhel;6;וַיַּקְהֵל;TODO-VERIFY Exodus 35:1-40:38;;
Vayakhel;7;וַיַּקְהֵל;TODO-VERIFY Exodus 35:1-40:38;;
Pekudei;1;פְקוּדֵי;TODO-VERIFY Exodus 35:1-40:38;;
Pekudei;2;פְקוּדֵי;TODO-VERIFY Exodus 35:1-40:38;;
Pekudei;3;פְקוּדֵי;TODO-VERIFY Exodus 35:1-40:38;;
Pekudei;4;פְקוּדֵי;TODO-VERIFY Exodus 35:1-40:38;;
Pekudei;5;פְקוּדֵי;TODO-VERIFY Exodus 35:1-40:38;;
Pekudei;6;פְקוּדֵי;TODO-VERIFY Exodus 35:1-40:38;;
Pekudei;7;פְקוּדֵי;TODO-VERIFY Exodus 35:1-40:38;;
Vayikra;1;וַיִּקְרָא;Leviticus 1:1-2:6;;
Vayikra;2;וַיִּקְרָא;Leviticus 1:1-2:6;;
Vayikra;3;וַיִּקְרָא;Leviticus 1:1-2:6;;
Vayikra;4;וַיִּקְרָא;Leviticus 1:1-2:6;;
Vayikra;5;וַיִּקְרָא;Leviticus 1:1-2:6;;
Vayikra;6;וַיִּקְרָא;Leviticus 1:1-2:6;;
Vayikra;7;וַיִּקְרָא;Leviticus 1:1-2:6;;
Tzav;1;צַו;Leviticus 6:1-6:11;;
Tzav;2;צַו;Leviticus 6:1-6:11;;
Tzav;3;צַו;Leviticus 6:1-6:11;;
Tzav;4;צַו;Leviticus 6:1-6:11;;
Tzav;5;צַו;Leviticus 6:1-6:11;;
Tzav;6;צַו;Leviticus 6:1-6:11;;
Tzav;7;צַו;Leviticus 6:1-6:11;;
Shmini;1;שְּׁמִינִי;Leviticus 9:1-9:16;;
Shmini;2;שְּׁמִינִי;Leviticus 9:1-9:16;;
Shmini;3;שְּׁמִינִי;Leviticus 9:1-9:16;;
Shmini;4;שְּׁמִינִי;Leviticus 9:1-9:16;;
Shmini;5;שְּׁמִינִי;Leviticus 9:1-9:16;;
Shmini;6;שְּׁמִינִי;Leviticus 9:1-9:16;;
Shmini;7;שְּׁמִינִי;Leviticus 9:1-9:16;;
Tazria-Metzora;1;תַזְרִיעַ־מְּצֹרָע;Leviticus 12:1-15:33;;
Tazria-Metzora;2;תַזְרִיעַ־מְּצֹרָע;Leviticus 12:1-15:33;;
Tazria-Metzora;3;תַזְרִיעַ־מְּצֹרָע;Leviticus 12:1-15:33;;
Tazria-Metzora;4;תַזְרִיעַ־מְּצֹרָע;Leviticus 12:1-15:33;;
Tazria-Metzora;5;תַזְרִיעַ־מְּצֹרָע;Leviticus 12:1-15:33;;
Tazria-Metzora;6;תַזְרִיעַ־מְּצֹרָע;Leviticus 12:1-15:33;;
Tazria-Metzora;7;תַזְרִיעַ־מְּצֹרָע;Leviticus 12:1-15:33;;
Tazria;1;תַזְרִיעַ;TODO-VERIFY Leviticus 12:1-15:33;;
Tazria;2;תַזְרִיעַ;TODO-VERIFY Leviticus 12:1-15:33;;
Tazria;3;תַזְרִיעַ;TODO-VERIFY Leviticus 12:1-15:33;;
Tazria;4;תַזְרִיעַ;TODO-VERIFY Leviticus 12:1-15:33;;
Tazria;5;תַזְרִיעַ;TODO-VERIFY Leviticus 12:1-15:33;;
Tazria;6;תַזְרִיעַ;TODO-VERIFY Leviticus 12:1-15:33;;
Tazria;7;תַזְרִיעַ;TODO-VERIFY Leviticus 12:1-15:33;;
Metzora;1;מְּצֹרָע;TODO-VERIFY Leviticus 12:1-15:33;;
Metzora;2;מְּצֹרָע;TODO-VERIFY Leviticus 12:1-15:33;;
Metzora;3;מְּצֹרָע;TODO-VERIFY Leviticus 12:1-15:33;;
Metzora;4;מְּצֹרָע;TODO-VERIFY Leviticus 12:1-15:33;;
Metzora;5;מְּצֹרָע;TODO-VERIFY Leviticus 12:1-15:33;;
Metzora;6;מְּצֹרָע;TODO-VERIFY Leviticus 12:1-15:33;;
Metzora;7;מְּצֹרָע;TODO-VERIFY Leviticus 12:1-15:33;;
Achrei Mot-Kedoshim;1;אַחֲרֵי מוֹת־קְדֹשִׁים;Leviticus 16:1-20:27;;
Achrei Mot-Kedoshim;2;אַחֲרֵי מוֹת־קְדֹשִׁים;Leviticus 16:1-20:27;;
Achrei Mot-Kedoshim;3;אַחֲרֵי מוֹת־קְדֹשִׁים;Leviticus 16:1-20:27;;
Achrei Mot-Kedoshim;4;אַחֲרֵי מוֹת־קְדֹשִׁים;Leviticus 16:1-20:27;;
Achrei Mot-Kedoshim;5;אַחֲרֵי מוֹת־קְדֹשִׁים;Leviticus 16:1-20:27;;
Achrei Mot-Kedoshim;6;אַחֲרֵי מוֹת־קְדֹשִׁים;Leviticus 16:1-20:27;;
Achrei Mot-Kedoshim;7;אַחֲרֵי מוֹת־קְדֹשִׁים;Leviticus 16:1-20:27;;
Achrei Mot;1;אַחֲרֵי מוֹת;TODO-VERIFY Leviticus 16:1-20:27;;
Achrei Mot;2;אַחֲרֵי מוֹת;TODO-VERIFY Leviticus 16:1-20:27;;
Achrei Mot;3;אַחֲרֵי מוֹת;TODO-VERIFY Leviticus 16:1-20:27;;
Achrei Mot;4;אַחֲרֵי מוֹת;TODO-VERIFY Leviticus 16:1-20:27;;
Achrei Mot;5;אַחֲרֵי מוֹת;TODO-VERIFY Leviticus 16:1-20:27;;
Achrei Mot;6;אַחֲרֵי מוֹת;TODO-VERIFY Leviticus 16:1-20:27;;
Achrei Mot;7;אַחֲרֵי מוֹת;TODO-VERIFY Leviticus 16:1-20:27;;
Kedoshim;1;קְדֹשִׁים;TODO-VERIFY Leviticus 16:1-20:27;;
Kedoshim;2;קְדֹשִׁים;TODO-VERIFY Leviticus 16:1-20:27;;
Kedoshim;3;קְדֹשִׁים;TODO-VERIFY Leviticus 16:1-20:27;;
Kedoshim;4;קְדֹשִׁים;TODO-VERIFY Leviticus 16:1-20:27;;
Kedoshim;5;קְדֹשִׁים;TODO-VERIFY Leviticus 16:1-20:27;;
Kedoshim;6;קְדֹשִׁים;TODO-VERIFY Leviticus 16:1-20:27;;
Kedoshim;7;קְדֹשִׁים;TODO-VERIFY Leviticus 16:1-20:27;;
Emor;1;אֱמֹר;Leviticus 21:1-21:15;;
Emor;2;אֱמֹר;Leviticus 21:1-21:15;;
Emor;3;אֱמֹר;Leviticus 21:1-21:15;;
Emor;4;אֱמֹר;Leviticus 21:1-21:15;;
Emor;5;אֱמֹר;Leviticus 21:1-21:15;;
Emor;6;אֱמֹר;Leviticus 21:1-21:15;;
Emor;7;אֱמֹר;Leviticus 21:1-21:15;;
Behar-Bechukotai;1;בְּהַר־בְּחֻקֹּתַי;Leviticus 25:1-27:34;;
Behar-Bechukotai;2;בְּהַר־בְּחֻקֹּתַי;Leviticus 25:1-27:34;;
Behar-Bechukotai;3;בְּהַר־בְּחֻקֹּתַי;Leviticus 25:1-27:34;;
Behar-Bechukotai;4;בְּהַר־בְּחֻקֹּתַי;Leviticus 25:1-27:34;;
Behar-Bechukotai;5;בְּהַר־בְּחֻקֹּתַי;Leviticus 25:1-27:34;;
Behar-Bechukotai;6;בְּהַר־בְּחֻקֹּתַי;Leviticus 25:1-27:34;;
Behar-Bechukotai;7;בְּהַר־בְּחֻקֹּתַי;Leviticus 25:1-27:34;;
Behar;1;בְּהַר;TODO-VERIFY Leviticus 25:1-27:34;;
Behar;2;בְּהַר;TODO-VERIFY Leviticus 25:1-27:34;;
Behar;3;בְּהַר;TODO-VERIFY Leviticus 25:1-27:34;;
Behar;4;בְּהַר;TODO-VERIFY Leviticus 25:1-27:34;;
Behar;5;בְּהַר;TODO-VERIFY Leviticus 25:1-27:34;;
Behar;6;בְּהַר;TODO-VERIFY Leviticus 25:1-27:34;;
Behar;7;בְּהַר;TODO-VERIFY Leviticus 25:1-27:34;;
Bechukotai;1;בְּחֻקֹּתַי;TODO-VERIFY Leviticus 25:1-27:34;;
Bechukotai;2;בְּחֻקֹּתַי;TODO-VERIFY Leviticus 25:1-27:34;;
Bechukotai;3;בְּחֻקֹּתַי;TODO-VERIFY Leviticus 25:1-27:34;;
Bechukotai;4;בְּחֻקֹּתַי;TODO-VERIFY Leviticus 25:1-27:34;;
Bechukotai;5;בְּחֻקֹּתַי;TODO-VERIFY Leviticus 25:1-27:34;;
Bechukotai;6;בְּחֻקֹּתַי;TODO-VERIFY Leviticus 25:1-27:34;;
Bechukotai;7;בְּחֻקֹּתַי;TODO-VERIFY Leviticus 25:1-27:34;;
Bamidbar;1;בְּמִדְבַּר;Numbers 1:1-1:19;;
Bamidbar;2;בְּמִדְבַּר;Numbers 1:1-1:19;;
Bamidbar;3;בְּמִדְבַּר;Numbers 1:1-1:19;;
Bamidbar;4;בְּמִדְבַּר;Numbers 1:1-1:19;;
Bamidbar;5;בְּמִדְבַּר;Numbers 1:1-1:19;;
Bamidbar;6;בְּמִדְבַּר;Numbers 1:1-1:19;;
Bamidbar;7;בְּמִדְבַּר;Numbers 1:1-1:19;;
Nasso;1;נָשֹׂא;Numbers 4:21-4:37;;
Nasso;2;נָשֹׂא;Numbers 4:21-4:37;;
Nasso;3;נָשֹׂא;Numbers 4:21-4:37;;
Nasso;4;נָשֹׂא;Numbers 4:21-4:37;;
Nasso;5;נָשֹׂא;Numbers 4:21-4:37;;
Nasso;6;נָשֹׂא;Numbers 4:21-4:37;;
Nasso;7;נָשֹׂא;Numbers 4:21-4:37;;
Beha'alotcha;1;בְּהַעֲלֹתְךָ;Numbers 8:1-8:14;;
Beha'alotcha;2;בְּהַעֲלֹתְךָ;Numbers 8:1-8:14;;
Beha'alotcha;3;בְּהַעֲלֹתְךָ;Numbers 8:1-8:14;;
Beha'alotcha;4;בְּהַעֲלֹתְךָ;Numbers 8:1-8:14;;
Beha'alotcha;5;בְּהַעֲלֹתְךָ;Numbers 8:1-8:14;;
Beha'alotcha;6;בְּהַעֲלֹתְךָ;Numbers 8:1-8:14;;
Beha'alotcha;7;בְּהַעֲלֹתְךָ;Numbers 8:1-8:14;;
Sh'lach;1;שְׁלַח;Numbers 13:1-13:20;;
Sh'lach;2;שְׁלַח;Numbers 13:1-13:20;;
Sh'lach;3;שְׁלַח;Numbers 13:1-13:20;;
Sh'lach;4;שְׁלַח;Numbers 13:1-13:20;;
Sh'lach;5;שְׁלַח;Numbers 13:1-13:20;;
Sh'lach;6;שְׁלַח;Numbers 13:1-13:20;;
Sh'lach;7;שְׁלַח;Numbers 13:1-13:20;;
Korach;1;קֹרַח;Numbers 16:1-16:19;;
Korach;2;קֹרַח;Numbers 16:1-16:19;;
Korach;3;קֹרַח;Numbers 16:1-16:19;;
Korach;4;קֹרַח;Numbers 16:1-16:19;;
Korach;5;קֹרַח;Numbers 16:1-16:19;;
Korach;6;קֹרַח;Numbers 16:1-16:19;;
Korach;7;קֹרַח;Numbers 16:1-16:19;;
Chukat-Balak;1;חֻקַּת־בָּלָק;Numbers 19:1-25:9;;
Chukat-Balak;2;חֻקַּת־בָּלָק;Numbers 19:1-25:9;;
Chukat-Balak;3;חֻקַּת־בָּלָק;Numbers 19:1-25:9;;
Chukat-Balak;4;חֻקַּת־בָּלָק;Numbers 19:1-25:9;;
Chukat-Balak;5;חֻקַּת־בָּלָק;Numbers 19:1-25:9;;
Chukat-Balak;6;חֻקַּת־בָּלָק;Numbers 19:1-25:9;;
Chukat-Balak;7;חֻקַּת־בָּלָק;Numbers 19:1-25:9;;
Chukat;1;חֻקַּת;TODO-VERIFY Numbers 19:1-25:9;;
Chukat;2;חֻקַּת;TODO-VERIFY Numbers 19:1-25:9;;
Chukat;3;חֻקַּת;TODO-VERIFY Numbers 19:1-25:9;;
Chukat;4;חֻקַּת;TODO-VERIFY Numbers 19:1-25:9;;
Chukat;5;חֻקַּת;TODO-VERIFY Numbers 19:1-25:9;;
Chukat;6;חֻקַּת;TODO-VERIFY Numbers 19:1-25:9;;
Chukat;7;חֻקַּת;TODO-VERIFY Numbers 19:1-25:9;;
Balak;1;בָּלָק;TODO-VERIFY Numbers 19:1-25:9;;
Balak;2;בָּלָק;TODO-VERIFY Numbers 19:1-25:9;;
Balak;3;בָּלָק;TODO-VERIFY Numbers 19:1-25:9;;
Balak;4;בָּלָק;TODO-VERIFY Numbers 19:1-25:9;;
Balak;5;בָּלָק;TODO-VERIFY Numbers 19:1-25:9;;
Balak;6;בָּלָק;TODO-VERIFY Numbers 19:1-25:9;;
Balak;7;בָּלָק;TODO-VERIFY Numbers 19:1-25:9;;
Pinchas;1;פִּינְחָס;Numbers 25:10-26:51;;
Pinchas;2;פִּינְחָס;Numbers 25:10-26:51;;
Pinchas;3;פִּינְחָס;Numbers 25:10-26:51;;
Pinchas;4;פִּינְחָס;Numbers 25:10-26:51;;
Pinchas;5;פִּינְחָס;Numbers 25:10-26:51;;
Pinchas;6;פִּינְחָס;Numbers 25:10-26:51;;
Pinchas;7;פִּינְחָס;Numbers 25:10-26:51;;
Matot-Masei;1;מַטּוֹת־מַסְעֵי;Numbers 30:2-36:13;;
Matot-Masei;2;מַטּוֹת־מַסְעֵי;Numbers 30:2-36:13;;
Matot-Masei;3;מַטּוֹת־מַסְעֵי;Numbers 30:2-36:13;;
Matot-Masei;4;מַטּוֹת־מַסְעֵי;Numbers 30:2-36:13;;
Matot-Masei;5;מַטּוֹת־מַסְעֵי;Numbers 30:2-36:13;;
Matot-Masei;6;מַטּוֹת־מַסְעֵי;Numbers 30:2-36:13;;
Matot-Masei;7;מַטּוֹת־מַסְעֵי;Numbers 30:2-36:13;;
Matot;1;מַטּוֹת;TODO-VERIFY Numbers 30:2-36:13;;
Matot;2;מַטּוֹת;TODO-VERIFY Numbers 30:2-36:13;;
Matot;3;מַטּוֹת;TODO-VERIFY Numbers 30:2-36:13;;
Matot;4;מַטּוֹת;TODO-VERIFY Numbers 30:2-36:13;;
Matot;5;מַטּוֹת;TODO-VERIFY Numbers 30:2-36:13;;
Matot;6;מַטּוֹת;TODO-VERIFY Numbers 30:2-36:13;;
Matot;7;מַטּוֹת;TODO-VERIFY Numbers 30:2-36:13;;
Masei;1;מַסְעֵי;TODO-VERIFY Numbers 30:2-36:13;;
Masei;2;מַסְעֵי;TODO-VERIFY Numbers 30:2-36:13;;
Masei;3;מַסְעֵי;TODO-VERIFY Numbers 30:2-36:13;;
Masei;4;מַסְעֵי;TODO-VERIFY Numbers 30:2-36:13;;
Masei;5;מַסְעֵי;TODO-VERIFY Numbers 30:2-36:13;;
Masei;6;מַסְעֵי;TODO-VERIFY Numbers 30:2-36:13;;
Masei;7;מַסְעֵי;TODO-VERIFY Numbers 30:2-36:13;;
Devarim;1;דְּבָרִים;Deuteronomy 1:1-1:10;אַל־תִּירָ֖א וְאַל־תֵּחָֽת;Do not be afraid, do not be dismayed!
Devarim;2;דְּבָרִים;Deuteronomy 1:1-1:10;אַל־תִּירָ֖א וְאַל־תֵּחָֽת;Do not be afraid, do not be dismayed!
Devarim;3;דְּבָרִים;Deuteronomy 1:1-1:10;אַל־תִּירָ֖א וְאַל־תֵּחָֽת;Do not be afraid, do not be dismayed!
Devarim;4;דְּבָרִים;Deuteronomy 1:1-1:10;אַל־תִּירָ֖א וְאַל־תֵּחָֽת;Do not be afraid, do not be dismayed!
Devarim;5;דְּבָרִים;Deuteronomy 1:1-1:10;אַל־תִּירָ֖א וְאַל־תֵּחָֽת;Do not be afraid, do not be dismayed!
Devarim;6;דְּבָרִים;Deuteronomy 1:1-1:10;אַל־תִּירָ֖א וְאַל־תֵּחָֽת;Do not be afraid, do not be dismayed!
Devarim;7;דְּבָרִים;Deuteronomy 1:1-1:10;אַל־תִּירָ֖א וְאַל־תֵּחָֽת;Do not be afraid, do not be dismayed!
Vaetchanan;1;וָאֶתְחַנַּן;Deuteronomy 3:23-4:24;יְהֹוָ֖ה ה֣וּא הָאֱלֹהִ֑ים אֵ֥ין ע֖וֹד מִלְּבַדּֽוֹ;YHWH—he is God, there is nothing else beside him!
Vaetchanan;2;וָאֶתְחַנַּן;Deuteronomy 3:23-4:24;יְהֹוָ֖ה ה֣וּא הָאֱלֹהִ֑ים אֵ֥ין ע֖וֹד מִלְּבַדּֽוֹ;YHWH—he is God, there is nothing else beside him!
Vaetchanan;3;וָאֶתְחַנַּן;Deuteronomy 3:23-4:24;יְהֹוָ֖ה ה֣וּא הָאֱלֹהִ֑ים אֵ֥ין ע֖וֹד מִלְּבַדּֽוֹ;YHWH—he is God, there is nothing else beside him!
Vaetchanan;4;וָאֶתְחַנַּן;Deuteronomy 3:23-4:24;יְהֹוָ֖ה ה֣וּא הָאֱלֹהִ֑ים אֵ֥ין ע֖וֹד מִלְּבַדּֽוֹ;YHWH—he is God, there is nothing else beside him!
Vaetchanan;5;וָאֶתְחַנַּן;Deuteronomy 3:23-4:24;יְהֹוָ֖ה ה֣וּא הָאֱלֹהִ֑ים אֵ֥ין ע֖וֹד מִלְּבַדּֽוֹ;YHWH—he is God, there is nothing else beside him!
Vaetchanan;6;וָאֶתְחַנַּן;Deuteronomy 3:23-4:24;יְהֹוָ֖ה ה֣וּא הָאֱלֹהִ֑ים אֵ֥ין ע֖וֹד מִלְּבַדּֽוֹ;YHWH—he is God, there is nothing else beside him!
Vaetchanan;7;וָאֶתְחַנַּן;Deuteronomy 3:23-4:24;יְהֹוָ֖ה ה֣וּא הָאֱלֹהִ֑ים אֵ֥ין ע֖וֹד מִלְּבַדּֽוֹ;YHWH—he is God, there is nothing else beside him!
Eikev;1;עֵקֶב;Deuteronomy 7:12-8:10;וּמַלְתֶּ֕ם אֵ֖ת עׇרְלַ֣ת לְבַבְכֶ֑ם;Circumcise the foreskin of your heart.
Eikev;2;עֵקֶב;Deuteronomy 7:12-8:10;וּמַלְתֶּ֕ם אֵ֖ת עׇרְלַ֣ת לְבַבְכֶ֑ם;Circumcise the foreskin of your heart.
Eikev;3;עֵקֶב;Deuteronomy 7:12-8:10;וּמַלְתֶּ֕ם אֵ֖ת עׇרְלַ֣ת לְבַבְכֶ֑ם;Circumcise the foreskin of your heart.
Eikev;4;עֵקֶב;Deuteronomy 7:12-8:10;וּמַלְתֶּ֕ם אֵ֖ת עׇרְלַ֣ת לְבַבְכֶ֑ם;Circumcise the foreskin of your heart.
Eikev;5;עֵקֶב;Deuteronomy 7:12-8:10;וּמַלְתֶּ֕ם אֵ֖ת עׇרְלַ֣ת לְבַבְכֶ֑ם;Circumcise the foreskin of your heart.
Eikev;6;עֵקֶב;Deuteronomy 7:12-8:10;וּמַלְתֶּ֕ם אֵ֖ת עׇרְלַ֣ת לְבַבְכֶ֑ם;Circumcise the foreskin of your heart.
Eikev;7;עֵקֶב;Deuteronomy 7:12-8:10;וּמַלְתֶּ֕ם אֵ֖ת עׇרְלַ֣ת לְבַבְכֶ֑ם;Circumcise the foreskin of your heart.
Re'eh;1;רְאֵה;Deuteronomy 11:26-12:10;וְשָׂמַחְתָּ֞ לִפְנֵ֣י ׀ יְהֹוָ֣ה...;And you are to rejoice before the presence of YHWH...
Re'eh;2;רְאֵה;Deuteronomy 11:26-12:10;וְשָׂמַחְתָּ֞ לִפְנֵ֣י ׀ יְהֹוָ֣ה...;And you are to rejoice before the presence of YHWH...
Re'eh;3;רְאֵה;Deuteronomy 11:26-12:10;וְשָׂמַחְתָּ֞ לִפְנֵ֣י ׀ יְהֹוָ֣ה...;And you are to rejoice before the presence of YHWH...
Re'eh;4;רְאֵה;Deuteronomy 11:26-12:10;וְשָׂמַחְתָּ֞ לִפְנֵ֣י ׀ יְהֹוָ֣ה...;And you are to rejoice before the presence of YHWH...
Re'eh;5;רְאֵה;Deuteronomy 11:26-12:10;וְשָׂמַחְתָּ֞ לִפְנֵ֣י ׀ יְהֹוָ֣ה...;And you are to rejoice before the presence of YHWH...
Re'eh;6;רְאֵה;Deuteronomy 11:26-12:10;וְשָׂמַחְתָּ֞ לִפְנֵ֣י ׀ יְהֹוָ֣ה...;And you are to rejoice before the presence of YHWH...
Re'eh;7;רְאֵה;Deuteronomy 11:26-12:10;וְשָׂמַחְתָּ֞ לִפְנֵ֣י ׀ יְהֹוָ֣ה...;And you are to rejoice before the presence of YHWH...
Shoftim;1;שֹׁפְטִים;Deuteronomy 16:18-17:13;צֶ֥דֶק צֶ֖דֶק תִּרְדֹּ֑ף לְמַ֤עַן תִּֽחְיֶה֙;Justice, justice shall you pursue, that you may live...
Shoftim;2;שֹׁפְטִים;Deuteronomy 16:18-17:13;צֶ֥דֶק צֶ֖דֶק תִּרְדֹּ֑ף לְמַ֤עַן תִּֽחְיֶה֙;Justice, justice shall you pursue, that you may live...
Shoftim;3;שֹׁפְטִים;Deuteronomy 16:18-17:13;צֶ֥דֶק צֶ֖דֶק תִּרְדֹּ֑ף לְמַ֤עַן תִּֽחְיֶה֙;Justice, justice shall you pursue, that you may live...
Shoftim;4;שֹׁפְטִים;Deuteronomy 16:18-17:13;צֶ֥דֶק צֶ֖דֶק תִּרְדֹּ֑ף לְמַ֤עַן תִּֽחְיֶה֙;Justice, justice shall you pursue, that you may live...
Shoftim;5;שֹׁפְטִים;Deuteronomy 16:18-17:13;צֶ֥דֶק צֶ֖דֶק תִּרְדֹּ֑ף לְמַ֤עַן תִּֽחְיֶה֙;Justice, justice shall you pursue, that you may live...
Shoftim;6;שֹׁפְטִים;Deuteronomy 16:18-17:13;צֶ֥דֶק צֶ֖דֶק תִּרְדֹּ֑ף לְמַ֤עַן תִּֽחְיֶה֙;Justice, justice shall you pursue, that you may live...
Shoftim;7;שֹׁפְטִים;Deuteronomy 16:18-17:13;צֶ֥דֶק צֶ֖דֶק תִּרְדֹּ֑ף לְמַ֤עַן תִּֽחְיֶה֙;Justice, justice shall you pursue, that you may live...
Ki Teitzei;1;כִּי־תֵצֵא;Deuteronomy 21:10-21:14;אֶת־זֵ֣כֶר עֲמָלֵ֔ק מִתַּ֖חַת הַשָּׁמָ֑יִם לֹ֖א תִּשְׁכָּֽח;"blot out the name of Amalek from under the heavens; you are not to forget!"
Ki Teitzei;2;כִּי־תֵצֵא;Deuteronomy 21:10-21:14;אֶת־זֵ֣כֶר עֲמָלֵ֔ק מִתַּ֖חַת הַשָּׁמָ֑יִם לֹ֖א תִּשְׁכָּֽח;"blot out the name of Amalek from under the heavens; you are not to forget!"
Ki Teitzei;3;כִּי־תֵצֵא;Deuteronomy 21:10-21:14;אֶת־זֵ֣כֶר עֲמָלֵ֔ק מִתַּ֖חַת הַשָּׁמָ֑יִם לֹ֖א תִּשְׁכָּֽח;"blot out the name of Amalek from under the heavens; you are not to forget!"
Ki Teitzei;4;כִּי־תֵצֵא;Deuteronomy 21:10-21:14;אֶת־זֵ֣כֶר עֲמָלֵ֔ק מִתַּ֖חַת הַשָּׁמָ֑יִם לֹ֖א תִּשְׁכָּֽח;"blot out the name of Amalek from under the heavens; you are not to forget!"
Ki Teitzei;5;כִּי־תֵצֵא;Deuteronomy 21:10-21:14;אֶת־זֵ֣כֶר עֲמָלֵ֔ק מִתַּ֖חַת הַשָּׁמָ֑יִם לֹ֖א תִּשְׁכָּֽח;"blot out the name of Amalek from under the heavens; you are not to forget!"
Ki Teitzei;6;כִּי־תֵצֵא;Deuteronomy 21:10-21:14;אֶת־זֵ֣כֶר עֲמָלֵ֔ק מִתַּ֖חַת הַשָּׁמָ֑יִם לֹ֖א תִּשְׁכָּֽח;"blot out the name of Amalek from under the heavens; you are not to forget!"
Ki Teitzei;7;כִּי־תֵצֵא;Deuteronomy 21:10-21:14;אֶת־זֵ֣כֶר עֲמָלֵ֔ק מִתַּ֖חַת הַשָּׁמָ֑יִם לֹ֖א תִּשְׁכָּֽח;"blot out the name of Amalek from under the heavens; you are not to forget!"
Ki Tavo;1;כִּי־תָבוֹא;Deuteronomy 26:1-26:11;בָּר֥וּךְ אַתָּ֖ה בְּבֹאֶ֑ךָ וּבָר֥וּךְ אַתָּ֖ה בְּצֵאתֶֽךָ;Blessed be you, in your coming in, blessed be you, in your going out.
Ki Tavo;2;כִּי־תָבוֹא;Deuteronomy 26:1-26:11;בָּר֥וּךְ אַתָּ֖ה בְּבֹאֶ֑ךָ וּבָר֥וּךְ אַתָּ֖ה בְּצֵאתֶֽךָ;Blessed be you, in your coming in, blessed be you, in your going out.
Ki Tavo;3;כִּי־תָבוֹא;Deuteronomy 26:1-26:11;בָּר֥וּךְ אַתָּ֖ה בְּבֹאֶ֑ךָ וּבָר֥וּךְ אַתָּ֖ה בְּצֵאתֶֽךָ;Blessed be you, in your coming in, blessed be you, in your going out.
Ki Tavo;4;כִּי־תָבוֹא;Deuteronomy 26:1-26:11;בָּר֥וּךְ אַתָּ֖ה בְּבֹאֶ֑ךָ וּבָר֥וּךְ אַתָּ֖ה בְּצֵאתֶֽךָ;Blessed be you, in your coming in, blessed be you, in your going out.
Ki Tavo;5;כִּי־תָבוֹא;Deuteronomy 26:1-26:11;בָּר֥וּךְ אַתָּ֖ה בְּבֹאֶ֑ךָ וּבָר֥וּךְ אַתָּ֖ה בְּצֵאתֶֽךָ;Blessed be you, in your coming in, blessed be you, in your going out.
Ki Tavo;6;כִּי־תָבוֹא;Deuteronomy 26:1-26:11;בָּר֥וּךְ אַתָּ֖ה בְּבֹאֶ֑ךָ וּבָר֥וּךְ אַתָּ֖ה בְּצֵאתֶֽךָ;Blessed be you, in your coming in, blessed be you, in your going out.
Ki Tavo;7;כִּי־תָבוֹא;Deuteronomy 26:1-26:11;בָּר֥וּךְ אַתָּ֖ה בְּבֹאֶ֑ךָ וּבָר֥וּךְ אַתָּ֖ה בְּצֵאתֶֽךָ;Blessed be you, in your coming in, blessed be you, in your going out.
Nitzavim-Vayeilech;1;נִצָּבִים־וַיֵּלֶךְ;Deuteronomy 29:9-31:30;;
Nitzavim-Vayeilech;2;נִצָּבִים־וַיֵּלֶךְ;Deuteronomy 29:9-31:30;;
Nitzavim-Vayeilech;3;נִצָּבִים־וַיֵּלֶךְ;Deuteronomy 29:9-31:30;;
Nitzavim-Vayeilech;4;נִצָּבִים־וַיֵּלֶךְ;Deuteronomy 29:9-31:30;;
Nitzavim-Vayeilech;5;נִצָּבִים־וַיֵּלֶךְ;Deuteronomy 29:9-31:30;;
Nitzavim-Vayeilech;6;נִצָּבִים־וַיֵּלֶךְ;Deuteronomy 29:9-31:30;;
Nitzavim-Vayeilech;7;נִצָּבִים־וַיֵּלֶךְ;Deuteronomy 29:9-31:30;;
Nitzavim;1;נִצָּבִים;TODO-VERIFY Deuteronomy 29:9-31:30;...קָר֥וֹב אֵלֶ֛יךָ הַדָּבָ֖ר מְאֹ֑ד בְּפִ֥יךָ וּבִֽלְבָבְךָ֖ לַעֲשֹׂתֽוֹ;... near to you is the word, exceedingly, in your mouth and in your heart, to observe it!
Nitzavim;2;נִצָּבִים;TODO-VERIFY Deuteronomy 29:9-31:30;...קָר֥וֹב אֵלֶ֛יךָ הַדָּבָ֖ר מְאֹ֑ד בְּפִ֥יךָ וּבִֽלְבָבְךָ֖ לַעֲשֹׂתֽוֹ;... near to you is the word, exceedingly, in your mouth and in your heart, to observe it!
Nitzavim;3;נִצָּבִים;TODO-VERIFY Deuteronomy 29:9-31:30;...קָר֥וֹב אֵלֶ֛יךָ הַדָּבָ֖ר מְאֹ֑ד בְּפִ֥יךָ וּבִֽלְבָבְךָ֖ לַעֲשֹׂתֽוֹ;... near to you is the word, exceedingly, in your mouth and in your heart, to observe it!
Nitzavim;4;נִצָּבִים;TODO-VERIFY Deuteronomy 29:9-31:30;...קָר֥וֹב אֵלֶ֛יךָ הַדָּבָ֖ר מְאֹ֑ד בְּפִ֥יךָ וּבִֽלְבָבְךָ֖ לַעֲשֹׂתֽוֹ;... near to you is the word, exceedingly, in your mouth and in your heart, to observe it!
Nitzavim;5;נִצָּבִים;TODO-VERIFY Deuteronomy 29:9-31:30;...קָר֥וֹב אֵלֶ֛יךָ הַדָּבָ֖ר מְאֹ֑ד בְּפִ֥יךָ וּבִֽלְבָבְךָ֖ לַעֲשֹׂתֽוֹ;... near to you is the word, exceedingly, in your mouth and in your heart, to observe it!
Nitzavim;6;נִצָּבִים;TODO-VERIFY Deuteronomy 29:9-31:30;...קָר֥וֹב אֵלֶ֛יךָ הַדָּבָ֖ר מְאֹ֑ד בְּפִ֥יךָ וּבִֽלְבָבְךָ֖ לַעֲשֹׂתֽוֹ;... near to you is the word, exceedingly, in your mouth and in your heart, to observe it!
Nitzavim;7;נִצָּבִים;TODO-VERIFY Deuteronomy 29:9-31:30;...קָר֥וֹב אֵלֶ֛יךָ הַדָּבָ֖ר מְאֹ֑ד בְּפִ֥יךָ וּבִֽלְבָבְךָ֖ לַעֲשֹׂתֽוֹ;... near to you is the word, exceedingly, in your mouth and in your heart, to observe it!
Vayeilech;1;וַיֵּלֶךְ;TODO-VERIFY Deuteronomy 29:9-31:30;;
Vayeilech;2;וַיֵּלֶךְ;TODO-VERIFY Deuteronomy 29:9-31:30;;
Vayeilech;3;וַיֵּלֶךְ;TODO-VERIFY Deuteronomy 29:9-31:30;;
Vayeilech;4;וַיֵּלֶךְ;TODO-VERIFY Deuteronomy 29:9-31:30;;
Vayeilech;5;וַיֵּלֶךְ;TODO-VERIFY Deuteronomy 29:9-31:30;;
Vayeilech;6;וַיֵּלֶךְ;TODO-VERIFY Deuteronomy 29:9-31:30;;
Vayeilech;7;וַיֵּלֶךְ;TODO-VERIFY Deuteronomy 29:9-31:30;;
Ha'azinu;1;הַאֲזִינוּ;Deuteronomy 32:1-32:6;;
Ha'azinu;2;הַאֲזִינוּ;Deuteronomy 32:1-32:6;;
Ha'azinu;3;הַאֲזִינוּ;Deuteronomy 32:1-32:6;;
Ha'azinu;4;הַאֲזִינוּ;Deuteronomy 32:1-32:6;;
Ha'azinu;5;הַאֲזִינוּ;Deuteronomy 32:1-32:6;;
Ha'azinu;6;הַאֲזִינוּ;Deuteronomy 32:1-32:6;;
Ha'azinu;7;הַאֲזִינוּ;Deuteronomy 32:1-32:6;;
Vezot Haberakhah;1;וְזֹאת הַבְּרָכָה;Deuteronomy 33:1-33:7;;
Vezot Haberakhah;2;וְזֹאת הַבְּרָכָה;Deuteronomy 33:1-33:7;;
Vezot Haberakhah;3;וְזֹאת הַבְּרָכָה;Deuteronomy 33:1-33:7;;
Vezot Haberakhah;4;וְזֹאת הַבְּרָכָה;Deuteronomy 33:1-33:7;;
Vezot Haberakhah;5;וְזֹאת הַבְּרָכָה;Deuteronomy 33:1-33:7;;
Vezot Haberakhah;6;וְזֹאת הַבְּרָכָה;Deuteronomy 33:1-33:7;;
Vezot Haberakhah;7;וְזֹאת הַבְּרָכָה;Deuteronomy 33:1-33:7;;